"allFastFoodRestName","freq"
"1 Frisch's Big Boy Restaurant",1
"1 Gyro Shoppe",1
"143 Street Tacos",1
"2 Bits Cafe",1
"40 Frisch's Big Boy Restaurant",1
"5 Star Abq",1
"5th Street Diner",1
"90 Frisch's Big Boy Restaurant",1
"900 Degrees Pizza",1
"919 Dine",1
"A W Restaurant",1
"Abby's Legendary Pizza",4
"Abbys Restaurant Bar",1
"ABC Chinese Restaurant",1
"Acai Alaska",1
"Acropolis Gyro Palace",1
"Adalberto's Mexican Food",1
"Adams Enterprises",1
"Afternoon Deli",1
"Agate Alley Bistro",1
"Ak Buffet",1
"Al's Burger Shack",1
"Al's Burger Shack-Southern Village",1
"Albee's Ny Gyros",1
"Albee's NY Gyros",1
"Alberte Restaurant With A Carribean Flavor",1
"Ale House 1890",1
"Alfonso's Pizza Italian Restaurant",1
"Alfonsos Pizza",1
"All About Burger",1
"Alpine Bistro Bakery Co",1
"Amigos-Kings Classic",1
"Andreas Keller Restaurant",1
"Andy's Frozen Custard",2
"Andys Burgers Shakes Fries",1
"Anf Gyros Grill",1
"Angelinas Pizza",1
"Angry Barbeque",1
"Ann Tony's Restaurant",1
"Annas Pizza Italian Restaurant",1
"Annie's Cambodian Cuisine",1
"Apollo Burgers",1
"Apollo Greek Restaurant",1
"Arby's",219
"Arby's - Closed",1
"Arby's - Coming Soon",1
"Arbys",30
"Arbys CLOSED",2
"Arctic Circle",1
"Ardick Seafood Inc",1
"Armadillo's",1
"Arnold's Old Fashioned Hamburgers",1
"Asia Cafe",1
"Asian Garden",2
"Auntie Anne's",1
"Auntie Anne's Soft Pretzels",7
"AW",2
"AW All-American Food",20
"AW Restaurant",1
"Aw Restaurants",2
"AW Restaurants",18
"Awful Annie's",1
"AWRestaurants",1
"Aybla Grill",1
"B.GOOD",1
"Baba Pop's Kitchen",1
"Baba's Burgers & Gyros",1
"Babas Gyro And Kabob",1
"Back Yard Burgers",3
"Backyard Burgers",1
"Bacni's Pizza House And Ice Cream",1
"Bad Daddy's Burger Bar",1
"Bad Daddys Burger Bar",3
"Bahn Thai Bistro",1
"Baja Bar Grill",1
"Baja Buds",1
"Baja Burrito",1
"Baja Fresh",2
"Bakers Drive Thru",1
"Bamboo House Chinese Restaurant",1
"Bamboo Wok",1
"Banana Cabana",1
"Banana Leaf Restaurant",1
"Bandanas Bar-B-Q",1
"Bangkok 56",1
"Bangkok Thai Cuisine",1
"Bank's Southern Style Restaurant",1
"Bannastrows Crepes and Coffee Dadeland Mall",1
"Banyans On The Ridge",1
"Bar-B-Q King",1
"Barb's Cafe",1
"Barberitos",1
"Barbonzai",1
"Basils Grille",1
"Baskin Robbins",1
"Baskin-Robbins",2
"BaskinRobbins",4
"Bassil's Pizza Subs",1
"Bates House Of Turkey Inc",2
"Bay Harbor",1
"Beach Pizza",1
"Bee Bop Burgers",1
"Beef Burger",1
"BeefARoo",1
"Beijing Garden Restaurant",1
"Bella Bistro",1
"Bella Union Restaurant and Saloon",1
"Bellacino's",3
"Ben's Soft Pretzels",2
"Bennidito's Pizza",2
"Best Burger",1
"Best Burgers",1
"Best Gyros",1
"Best Lil' Porkhouse",1
"Bethel Square Restaurant Lounge",1
"Bibibop Asian Grill",1
"Big Al's Steaks",1
"Big Als Too",1
"Big Apple Bagels",4
"Big Billy's Burger Joint",1
"Big Billys Burger Joint",1
"Big Boy",9
"Big Boy Burger/Express Market",1
"Big Boy's Burgers and Shakes",1
"Big Boy's Construction, Inc.",1
"Big Boys",5
"Big Boys Construction",1
"Big Chickie",1
"Big Daddy's Burgers",1
"Big Jim's Drive In",1
"Big Joes Burgers Wings",1
"Big Mill's Cheesesteaks",1
"Big Ross Hoagies",1
"Big Sammy's Hot Dogs II",1
"Big T Bar-B-Q",1
"Big Town Hero",1
"Biggen's Burgers Barbie-q",1
"Bigham's Smokehouse",1
"Bill's Seafood Restaurant",1
"Billy Jack's Burger Shack",1
"Biscuit King",1
"Biscuitville",1
"Bistro & Basket To Go",1
"Bistro 1888",1
"Black Cat Burrito",1
"Black Cow Burger Bar",1
"Blackbeard's Restaurant",1
"Blackjack Pizza",1
"Blake's Lotaburger",2
"Blakes Lotaburger",1
"Blaze Pizza",1
"Blimpie",11
"BLIMPIE",17
"Blimpie Subs & Salads",1
"Blooming Flavors",1
"Blue Bay Seafood Restaurant",1
"Blue Monkey Cafe",1
"Bo's Ice Cream",1
"Bob Evans",35
"Bob Evans Restaurant",5
"Bob's Burger Brew",1
"Bob's Burgers Brew",3
"Bob's Carry-Out Shop",1
"Bob's Dogs",2
"Bobby's Burgers",1
"Boca Burger House",1
"Boddie-Noell Enterprises",2
"Bogey's",1
"Bojangles",1
"Bojangles Famous Chicken n Biscuits",10
"Bojangles' Famous Chicken 'n Biscuits",33
"Bolay - West Palm Beach",1
"Bon Appetit",1
"Boomer's",1
"Bootleggers Old Town Tavern Grill",1
"Bosphorous Turkish Kitchen",1
"Boston Market",19
"Boston Pizza",1
"Boulder River Pizza Subs",1
"Braum's Ice Cream and Dairy Store",1
"Braum's Ice Cream Burger Restaurant",2
"Breadeaux Pizza",1
"Breakingbread Cafe",1
"British Pantry LTD",1
"Brizio Pizza",1
"Brown's Chicken",2
"Brownies Hamburgers",1
"Browns Diner",1
"Bru Burger Bar",2
"Bruegger's Bagels",1
"Bubba's Roadhouse Saloon",1
"Bud's Chicken & Seafood",3
"Buena Vista & Bv Ii Go",1
"Buena Vista II",1
"Buffalo Bills Hot Wings To Go",1
"Buffet City",1
"Bullritos",1
"Burger Belly",1
"Burger Company",1
"Burger Hut",2
"Burger In the Square",1
"Burger King",446
"Burger King - Closed",1
"Burger King - Temporarily Closed",5
"Burger King®",2
"Burger KingPopeyes",1
"Burger Master",1
"Burger Ranch",2
"Burger Ranch Of Selah",1
"Burgerfi",3
"BurgerFi",3
"Burgermaster",1
"Burgers Inc",1
"Burgers Stop",1
"Burgerville",3
"Burky's Grill",2
"Burrito Amigos",1
"Burrito Joe's",1
"Burrito Joint",1
"Burrtio Amigos",1
"Bushs Chicken",1
"Butcher Boy's Cafe",1
"C & J Drive In",1
"C J Drive In",1
"C J's Cakes Catering",1
"Cadillac Jack's Saloon Grill",2
"Cafe 100",1
"Cafe 22",1
"Cafe Italiano",1
"Cafe Morocco",1
"Cafe Presto",1
"Cafe Rio",2
"Cafe Stephanie",1
"Cafe Strudel",2
"Cafe Waterfront",1
"Cafe Yumm",2
"Cafe Yumm - River Bend",1
"Cafeteria La Loma",1
"Cain's Bar B-Que",1
"California Tortilla",1
"Camerons Seafood Market",1
"Campus U-Tote-Em",1
"CAN-AM Pizza",1
"Canevari's Delicatessen Catering",1
"Canneti Roadhouse Etaliano",1
"Canton Chinese Restaurant",1
"Canton City Restaurant",1
"Canton House",1
"Capri Pizzeria",1
"Capriotti's Sandwich Shop",2
"Captain D'S",1
"Captain D's Seafood",4
"Captain D's Seafood Kitchen",14
"Captain Ds",6
"Captain Zacks Seafood",1
"Cardos Pizza of Waverly",1
"Caribbean Express Restaurant",1
"Carina's Pizza & Grill",1
"Carl's Jr",17
"Carl's Jr.",28
"Carlos Quesadillas",1
"Carls Jr",10
"Carls Jr Green Burrito",4
"Carmel's Restaurant Bar at The Grove Arcade",1
"Carmen's",1
"Carmine's Italian Restaurant",1
"Carolina Chicken Inc",1
"Carolina Crossing Restaurant",1
"Carolina Drive In",1
"Carrburritos",1
"Carriage House Restaurant",1
"Carry Out Cabby",1
"Carvel Ice Cream Bakery",1
"Casa Del Rio Mexican Restaurant",1
"Casablanca Coffee Grill",1
"Caseys Carry Out Pizza",1
"Casola's Pizzeria & Sub Shop",1
"Casper Fry",1
"Catfish Charlie's",1
"Cecil Whittaker's Pizzeria",1
"Chalupas",1
"Chan Bistro",1
"Chan's Restaurant",1
"Chando's Tacos",1
"Chanello’s Pizza",1
"Chanellos Pizza",1
"Char Grill 1",1
"Char-Grill",1
"Charlene's Kitchen",1
"Charley's Grill & Spirits",1
"Charley's Grill Spirits",1
"Charley's Grilled Subs",19
"Charleys Grilled Subs",1
"Charleys Philly Steaks",3
"Charlie Graingers",1
"Charlie's Fried Chicken",1
"Charton Management, Inc.",1
"Checker's Drive In Restaurant",1
"Checkers",40
"Checkers Drive-In Rstrnt Inc",2
"Cheeseburger In Paradise",1
"Cheetah Palm Beach",1
"Chefs Drive-Inn",1
"Chen's Restaurant",1
"Chet's East",1
"Chicago Gyros",2
"Chick-fil-A",77
"Chick-Fil-A",76
"Chick-Fil-A Of Randolph Mall",1
"Chicken Express",3
"Chicken Express of Conway",1
"Chicken Kitchen",1
"Chicken Salad Chick of Jackson - Flowood",1
"ChickfilA",21
"Chilis Grill & Bar",1
"Chill Spot",1
"Chilly Willy's",1
"China Bear",1
"China Bell Restaurant",2
"China Buffet",1
"China Cafe Restaurant",1
"China City Garden Take Out",1
"China Cottage",2
"China Garden",1
"China Hollywood",1
"China House",3
"China Hut",1
"China Jade",2
"China Jade Chinese Take Out",1
"China King",1
"China Lin",2
"China Panda",1
"China Sea",1
"China Star",1
"China Star Chinese Restaurant",1
"China Wok",1
"China Wok Chinese Takeout",1
"China Wok Express",1
"Chinatown",1
"Chinese Thai To Go",1
"Chinese To Go",1
"Chinook's At Salmon Bay",1
"Chinshan",1
"Chipotle",3
"Chipotle Mexican Grill",139
"Chips 'N Ales",1
"Chips Of Wis Rapids",1
"Chow To Go Chinese Restaurant",1
"Christo's Original",1
"Chronic Tacos",2
"Chubz Famous Chiliburgers",1
"Chuck E. Cheese's",2
"Chuck's Burgers Freits",1
"Chun Wah Kam Noodle Factory",1
"Chuong Garden",1
"Church's Chicken",51
"Church's Chicken Of Birmingham",2
"Churchs Chicken",12
"Churpeys of Alabama",1
"Cinco de Mayo",3
"Cisco's Taqueria",1
"Ciscos Taqueria",1
"City Bites",1
"Classic Pizza",1
"Cocodine Thai Cuisine",1
"Codmother Fish Chips",1
"Colonel Sanders Fried Chicken",1
"Commander Restaurant",1
"Coney I-Lander",1
"Connie's Cantina",1
"Continental Country Club",1
"Cook N' Pot",1
"Cook Out",18
"Cook-Out",13
"CookOut",2
"Cooper's Hawk Winery Restaurant",1
"Cornucopia",1
"Corral Drive In",1
"Cosmic Cantina",1
"Cosmic Kitchen",1
"Cougar Cottage",1
"Countrie Eatery",1
"Country Boys BBQ",1
"Country Boys Drive In",1
"Country Diner",1
"Country Pride",1
"Cousins Seafood Bento",1
"Cousins Subs",3
"Cozy Coffee Bistro",1
"Crazy Pho Cajun",1
"Crispy Chicken",1
"Crossroads Grill Of Siler City",1
"Crown Fried Chicken",1
"Cruzers",1
"Culver's",35
"CULVER'S",1
"Culvers",4
"Cypress Cafe",1
"D P Dough",1
"D'Angelo Grilled Sandwiches",2
"D's Tamales Togo",1
"Da Kitchen",1
"Da Vita San Jose Pd Dialysis",1
"Daddy's Hot Dogs",1
"Dairy Bar",1
"Dairy Freeze",1
"Dairy queen",1
"Dairy Queen",251
"Dairy Queen - Closed",1
"Dairy Queen (Treat)",5
"Dairy Queen (Treat) - Seasonally Closed",1
"Dairy Queen Grill & Chill",25
"Dairy Queen Grill and Chill",1
"Dairy Queen Grill Chill",40
"Dairy Queen Grill Chill - Temporarily Closed",1
"Dairy Queen Orange Julius",1
"Dairy Queen-Russo",3
"Dan's Drive In",1
"Dari Ette Drive In",1
"Darmody Enterprises",1
"Dave's Cafe",1
"David's Burgers",1
"Davy's Burger Ranch",1
"Dawson's Burgers Wings Fries",1
"Dejesus Deli Grocery",1
"Del Taco",30
"Del Vecchios",1
"Deli On Rye",1
"Dellz Uptown",1
"Delta Cafe",1
"Demetrios Pizza House",1
"Denny's",1
"Desert Subway",1
"Destin Connection Seafood Market",1
"Dexter's Drive-In",1
"Dianne's Dairy Center",1
"Dick's Drive-In",1
"Dickiejo's Burgers",1
"Did's Pizza Froyo",1
"Dimitri's Greek Italian",1
"Dinners Delivery",1
"Dino's Drive In",1
"Dino's Gyros",1
"DiPuccio's Pasta Shop and Catering",1
"Dis and Dem Burgers and Sliders",1
"Dixie Lee Fried Chicken",1
"Dixie Queen",1
"DJ's Drive-In",1
"DJs Hot Dog Co",1
"DK's Drive-In",1
"Dog House Inc",1
"Dog N Suds",1
"Dolly's Cafe",1
"Dominic's of New York",1
"Dominics of New York",1
"Domino's Pizza",227
"Dominos Pizza",43
"Don Taylor's Omelette Express",1
"Donavitos Restaurant Catering Company",1
"Double Dragon",1
"DQ Grill Chill",3
"DQ Grill Chill Orange Julius",1
"Dragon China",1
"Dragon Golden Chinese Restaurant",1
"Dreamland Bar B Que",1
"Dunkin Donuts",24
"Dunkin Donuts/baskinrobbins",1
"Dunkin'",1
"Dunkin' Donuts",19
"Dynasty Chinese Restaurant",1
"Eagans Westside Drive Inn",1
"East Coast Pizza",1
"Eatin Fresh",1
"Eco-Bean Organic Coffee House",1
"Eddie's Chinese Take Out",1
"Eddie's Footlong Hotdogs Inc",1
"Eddy's Chinese American Restaurant",1
"Edo Japanese Restaurant",2
"Einstein Bros Bagels",4
"Einstein Bros. Bagels",2
"Einstein Bros. Bagels - Closed",1
"El Burrito Jr",1
"El Cazador Mexican Restaurant",1
"El Charro Mexican Restaurant",1
"El Coronel",2
"El Fuego",1
"EL Indio II",1
"El Jardin",1
"El Paso Mexican Grill",1
"El Patron East Ave.",1
"El Pollo Loco",15
"El Ranchito Restaurante",1
"El Rancho Alegre",1
"El Rancho Grande",1
"El Sombrero",2
"El Tapatio",1
"El Tapatio Restaurante",1
"El Tepeyac Grille",2
"El Zarape Restaurant",1
"Elevation Burger",1
"Ellie's Mutt Hut & Vegetarian",1
"Emidio Sons Italian Restaurant",2
"Emma Key's",1
"Empress Express",1
"Epic Burger",1
"EuroGyro",2
"Evangelo's Restaurant",2
"Everything Ok",1
"Everything To Go",1
"EVOS South Tampa",1
"Express Alterations",1
"EZ's Burger Deluxe",1
"Family Carry Out",1
"Famous Dave's",9
"Famous Gyro George",1
"Famous Kahuku Shrimp Truck",1
"Fanny Ann's Saloon",1
"Farlow's On The Water",2
"Farmer Boys",1
"Fast Pizza Delivery",1
"Fat Mermaid",1
"Fat Wong Chinese Food To Go",1
"Fatburger",3
"Fatt Chicks Burgers",1
"Fazoli's",6
"Fazolis",3
"Fazzari's",1
"Fery's Catering",2
"Fiesta En Jalisco",1
"Firehouse Pizza Restaurant",1
"Firehouse Subs",38
"Fireplace Restaurant & Lounge",2
"First Burger",1
"Fisherman's Cove",1
"Fit Body Bistro",2
"Fit Food Express LLC",1
"Five Guys",21
"Five Guys Burgers & Fries",49
"Flame Broiler",1
"Flaming Amy's Burritos",1
"Flavors Grill",1
"Flip's Burgers",1
"Flying Tiger Chinese Restaurant",1
"Fon Lee Chinese Take Out",1
"Foons Take Out Chinese Restaurant",1
"Forasteros Mexican Food",1
"Foster's Grille",2
"Fosters Freeze",2
"Four Eleven West to Go",1
"Four-Ten Drive-In",1
"Fox's Pizza Den",30
"Frank's Roman Pizza",1
"Franks Diner",1
"Franky's",1
"Freddie's",1
"Freddy's Frozen Custard & Steakburgers",10
"French's Classic Burgers",1
"Friar Tuck's Restaurant & Bar",1
"Frisch's Big Boy",7
"Frosty Drive-In",1
"Full Moon Bar-B-Que",3
"Fun House Pizza Delivery",1
"Fundays",1
"Fusian",1
"Fusion Partners",1
"G D Ritzy's",1
"Garcia Jo Jo's",1
"Gardena Bowl Coffee Shop",1
"Genghis Grill",1
"Genji Go",1
"Gentile's Bakery - Deli - Catering",1
"George's Burgers",1
"George's Coney's Gyro's",1
"George's Gyros Spot",2
"Georgio's",1
"Get Some Pizza",1
"Getta Gyro",1
"Giant Burger",1
"Giant Orange",1
"Gilligan's Steamer Raw Bar",1
"Giovanni's Pizza",1
"Go-Chicken-Go",1
"Gold Star Chili",7
"Gold Star Hamburgers",1
"Golden Chick",9
"Golden China Restaurant",2
"Golden City",1
"Golden East Restaurant",1
"Golden Harvest Chinese Restaurant",1
"Golden Palace",2
"Golden Phoenix Restaurant",1
"Golden Teriyaki",2
"Good Mood Food",1
"Gourmet Cafe",1
"Gourmet Fine Catering",1
"Grandad's Pizza and Pub",1
"Grandy's",3
"Great China",1
"Great Steak",3
"Great Wall Of China Restaurant",2
"Great Wraps",1
"Grecian Steak House",1
"Greek Fiesta",1
"Greek Plate Gyro's",1
"Greenery Cafe",1
"Griff's Hamburgers",1
"Grinder Deli Restaurant and Catering",1
"Grinders Above Beyond",1
"Gross' Burgers",1
"Grub Burger Bar",2
"Grub House",1
"Guadalajara Original Family Mexican Restaurant",1
"Guayabitos Mexican Restaurant",1
"Gulf Drive Cafe",1
"Gulf Island Grill",1
"Gulf Shores Diner",1
"Guppy's On The Go Carryout Pizza",1
"Guss DRIVEIN",1
"Guthrie's",2
"Gyro Delight",1
"Gyro Express",1
"Gyro House",1
"Gyro Hut",1
"Gyro Spot",1
"Gyro Stop",1
"Gyro Town",1
"Gyro Uno",1
"Gyro World",1
"Gyro Wrap",1
"Gyro X-Press",1
"Gyro's & More",1
"Gyro's Cafe",1
"Gyros Gyros",1
"Gyros King Subs & Salads",1
"H C Way Asian Bistro",1
"Habibi Diner",1
"Halo Burger",1
"Hamburger Heaven",1
"Hamburger Mary's",2
"Hana Japanese Hibachi & Sushi Bar",1
"Happy Daz",1
"Happy Garden Restaurant",1
"Happy Harbor Oyster Bay",1
"Hardee's",116
"Hardee's - Loris:",1
"Hardee's Restaurant",2
"Hardees",22
"Hardees Red Burrito",11
"Harrington's Drive In",1
"Hartz Chicken Buffet",1
"Harvester Restaurant",1
"Hawaii BBQ Restaurant",1
"Hazel's Hot Dogs",1
"Health Camp",1
"Hellas Cafe",1
"Heroes American Grille",1
"Hi Life Burgers",1
"Hi Rise Bakery",1
"Hibachi Bistro of Monkey Junction",1
"High Street Pizza",1
"High Tech Burrito",1
"Highway Caf",1
"Hillbilly Hotdog",1
"Hip Hop Fish & Chicken",1
"Hog Heaven Bar-B-Q",1
"Holy Hot Dog",1
"Home Plate Cooking",1
"Homegrown",1
"Hometown Buffet",2
"Honeygrow",1
"Hong Kong Gourmet",1
"Hong Kong Inn",1
"Hong Kong Restaurant",1
"Hong's Garden Restaurant",1
"Hook Ladder Pizza Co",1
"Hooligan's American Mediterranean Restaurant",1
"Hooters",2
"Hop's Burger Bar",1
"Horizon's Hamburger Palace",1
"Hot Dog on a Stick",5
"Hot Dog Shop",1
"Hot Head Burritos",2
"Hot Wing Express",1
"Hounds Drive In Theatre",1
"House Of China",1
"House Of Kobe",2
"House of Lee",2
"Huddle House",1
"Hunan Bar & Restaurant",1
"Hunan Buffet",1
"Hunan Gardens",1
"Hunan Gourmet Restaurant",1
"Hunan House",1
"Hunan Lion Gourmet Chinese Dining",2
"Hunt's Seafood Restaurant Oyster Bar",1
"Husky Deli Catering",1
"I Love Country Cafe",2
"Ice Cream Paradise",1
"Iceberg Drive Inn",1
"Ichiban Japanese Steakhouse",2
"IL Granaio",1
"Imo's Pizza",1
"In-N-Out Burger",15
"IN-N-OUT WINGS",1
"India Garden Restaurant",1
"Irma's Burger Shack",1
"Isabellas Pizzeria",1
"Island Seafood Market",1
"Island Soul",1
"Italian Kitchen",1
"Ivans Restaurant",1
"Iwa Sushi Grill",1
"Izzy's Burger Spa",1
"J C Chinese Restaurant",1
"J C K Restaurants Inc",1
"J C Zip's Inc",1
"Jack Brown's Beer Burger Jnt",1
"Jack in the Box",120
"Jack's",29
"Jack's Family Restaurants",25
"Jack's Hamburgers",1
"Jack's Old Fashion Hamburger",1
"Jacks",1
"Jackson's Bar & Oven",1
"Jacopetti's Catering",1
"Jade's Chinese Restaurant",1
"Jaliscos Mexican Restaurant",1
"Jalsa Indian Fast Food",1
"Jam Restaurants",1
"Jamba Juice",3
"Jambalaya Shoppe",1
"Jason's Deli",19
"Jays Beef",1
"Jd Seafood Bistro",1
"Jean Kays Pasties",1
"Jerry's Subs & Pizza",6
"Jersey Mike's Subs",72
"Jim Tom's",1
"Jim's Restaurant Inc",1
"Jimmy John's",153
"Jimmy John's Boyton Beach",1
"Jimmy's Big Burgers",1
"Jimmy's Classic Drive-In",1
"Jims Fat Burger",1
"JJ Fish and Chicken",1
"JJ Sausage Maxwell Street",1
"Joe's Burgers",3
"John's Pizzeria",1
"Johnny Rockets",1
"Johnny's Bar Grill",1
"Jollibee",1
"Jon Smith Subs",1
"Joy Of Eating Cafe",1
"Juan Pollo",1
"Juicy Burger",2
"K's Drive In",1
"Kabul Fried Chicken Corp",1
"Kadaydle's - Subs, Salads More",1
"Kafein Coffee",1
"Kalamata Greek Cafe",1
"Kalapaki Beach Hut",1
"Keeses Simply Delicious",1
"Ken's Sidewalk Cafe",1
"Keoki's",1
"Key Pizza",1
"KFC",444
"KFC - Closed",1
"Killer Burgers",2
"Killer Tacos",1
"Kimono Japanese Restaurant",1
"King David Dogs",1
"King Gyros",1
"King Gyros Greek Restaurant",1
"King House Chinese Restaurant",1
"King Neptune's Seafood Restaurant",1
"King Tut Drive-In",1
"King Wing",1
"King's Wings",1
"Kipps Cheesesteak",1
"Kismet Restaurant",1
"Kolache Factory",2
"Kow Loon Restaurant",1
"Kozmic Cones",1
"Krekel's Custard",1
"Kretch's Restaurant",1
"Krispy Kreme",8
"Krispy Krunchy Chicken",39
"Krispy's Fried Chicken Seafood",1
"Krungthai Street Grill",1
"Krystal",28
"Krystal - Closed",1
"Kwik Wok",1
"Kyoto Gardens",1
"L & L Drive-inn",1
"L & L Hawaiian Barbecue",3
"L'Enfant Plaza",1
"La Fiesta",1
"La Hacienda",1
"LA Quesadilla",1
"La Taqueria De Ramiro",1
"Lahaina Pizza Company",1
"Lake City Drive In",1
"Lakewood Ranch Lobster Pound",1
"Lannie's Bar-B-Q Spot",1
"Larkburger",1
"Larkfield Shopping Center",1
"Larry's Dawg House",1
"Larry's Restaurant",1
"Larson Enterprises",1
"Las Pinatas Of Maui",1
"Latah Bistro",1
"Laughing Planet Cafe",1
"Lava Burgers And Wings",1
"Lee's Bar-B-Q",1
"Lee's Chinese Restaurant",1
"Lee's Famous Recipe Chicken",4
"Lees Hamburgers",1
"Lees Kitchen",1
"Lemon Tree Mediterranean Grill",1
"Lenny's American Italian Fine Cuisine",1
"Lennys Burger Shop",1
"Leone's Italian Restaurants",1
"Leos Carryout",1
"Lime Fresh Mexican Grill",1
"Lin's Asian Bistro",1
"Lindaman's Gourmet-To-Go",1
"Lion's Choice",2
"Little Big Burger",1
"Little Caesars Pizza",12
"Lizard's Thicket Restaurant",1
"LL Hawaiian Barbecue",1
"Local Joe's Pizza & Subs",1
"Lok Yaun Restaurant",1
"Lola's Cafe At King's Landing",1
"Long John Silver's",39
"Los Betos",1
"Los Burritos LLC",1
"Los Tacos De Huicho",1
"Los Taquitos",1
"Louisiana Fried Chicken",2
"Lowcountry Wraps",1
"Lucky Palace Chinese Restaurant",1
"Lucky's Burger Shack",1
"Luigi's Italian Restaurant",2
"Lulus Cafe",1
"Lupitas Tex Mex",1
"Luxury Box",1
"Ma's Restaurant",1
"Mafiaoza",1
"Magic Foods",1
"Maglio's Pizza",1
"Mai-Tai Restaurant",2
"Maid-Rite",3
"Main Moon Chinese Restaurant",1
"Mama Guzzardi's Italian Restaurant",1
"Mama's Cantina",1
"Mama's Fried Chicken",1
"Mambo Grill Tapas",2
"Manchu Wok",4
"Mancino's Pizza",1
"Manhattan Pizza Subs",1
"Manhattan Subs & Gyros",1
"Manila Sunset",1
"Manila To Go",1
"Manny's Restaurant",1
"Maple Street Bistro",2
"Marcello's Pizzeria",1
"Marco's Pizza",1
"Marino's Seafood",1
"Marks Hot Dogs",1
"Mary's Pizza Shack",2
"Masaki Kyoto Japanese Restaurant",1
"Masala Wok",1
"Massey's Pizza",1
"Mata Mediterranean Grill",1
"Matadors Pizzeria",1
"Matt's Burgers",1
"Matt's Takeout",1
"Maui Mike's",1
"Mayan Family Mexican Restaurant",1
"Mazatlan Mexican Restaurant",1
"McAlister's Deli",31
"McClure's Restaurant",1
"McConkey's Jungle Shack",1
"McDonald's",922
"McDonald's - CLOSED",13
"Me's Bar-B-Que",1
"Mediterranean Gyro",1
"Mediterranean Mix",1
"Mediterrano Cafe",2
"Mekong Thai Cuisine",1
"Mel's Hot Dogs",1
"Mellow Mushroom",12
"Melt Bar & Grilled",2
"Melvin's Hamburgers & Hot Dogs",1
"Mi Pueblito Mexican Restaurant",1
"Michael's Italian Beef",1
"Midas Burger",1
"Midway West Drive-In",1
"Mighty Taco",1
"Miguel's Jr",1
"Miguel's Tacos",1
"Mike's China Beach Chinese",1
"Mike's Drive-Up",1
"Mikes Hot Dogs & Hamburgers",1
"Milano Pizza Greek",1
"Miller's Ale House",1
"Miller's Chicken",1
"Miller's Drive In",1
"Milo's Hamburgers",1
"Minh's Restaurant",1
"Missouri Hick Barbeque",1
"Miyoko Sushi",1
"Mizuna",1
"Moby Dick",1
"Mocha Express",1
"Mod Pizza",1
"Moe's Southwest Grill",77
"Mojo's",2
"Mollys Diner",1
"Moo Moo's Burger Barn",1
"Moon's Mongolian Grill",1
"Mooyah",3
"Mountain Mike's Pizza",1
"Moy's Dynasty Restaurant",1
"Moz Subway",1
"Mr Chicken",1
"Mr Greek Gyros",1
"Mr GS Coffee Shop",1
"Mr Gyro's Wallingford",1
"Mr Gyros",2
"Mr Gyros Burgers",1
"Mr Hero",4
"Mr K's",1
"Mr Pickles Sandwich Shop",1
"Mr Ronnie's Famous Hot Donuts",1
"Mr Submarine",2
"Mr. Hero",1
"Mrs Fields",1
"Mucho Gusto",2
"Mug'n Bun Drive In",1
"Mugshots Burger N' Brew",1
"Murillo's Mexican Food",1
"Mustard Seed",1
"Nagano Japanese Restaurant",1
"Nakato Japanese Steakhouse",2
"Napoleons Pizza",1
"Napoli's Pizza",1
"Nathan's Famous Hot Dogs",3
"Nathans Famous",1
"Nation's Giant Hamburgers & Great Pies",1
"Nationwide Freezer Meats",1
"Nattamit Thai Restaurant",1
"Neighborhood Sbarro",1
"New Chan Express Chinese Restaurant",1
"New China",1
"New Japan Express",1
"New Thai Blues",1
"New York Pizza",1
"Next Level Burger",2
"Nicholas Restaurant",1
"Nicholas' Restaurant",1
"Nick and Jimmy's Bar Grill",1
"Nick's Gyros Subs",1
"Nicks Gyros and Phillys",1
"Nikki's Fresh Gourmet",1
"Nikos Gyros",1
"Noble Roman's",1
"Nong's Hunan Express",1
"Nonna Emilia Ristorante",1
"Noodles Bar",1
"Noodles Company",2
"Northeastern State University",1
"Nothing But Noodles",1
"Nuevo Vallarta",1
"Ny Chicken & Fish",1
"Oak & Olive",1
"Oberweis Ice Cream and Dairy Store",1
"Ocean Beach Roasters",1
"Ocharleys",1
"Odd Moe's Pizza",1
"Ogawa's Wicked Sushi, Burgers And Bowls",1
"Old Country Buffet",5
"Old Creamery Cafe",1
"Old Peking Restaurant",1
"Olde Fish House Marina",1
"Olympic Broil",1
"Orange Julius",24
"Order-In",1
"Oriental Inn",1
"Oriental Super Buffet",1
"Original Tommy's Hamburgers",1
"Oscars Kabob Gyros",1
"OTB Delight Cafe",1
"Outback Steakhouse",1
"Pages Okra Grill",1
"Pal's Sudden Service",2
"Palenque Mexican Restaurant",1
"Palermo's Restaurant",1
"Palmetto Ale House",2
"Palms Cafe",1
"Panda Chinese Restaurant",2
"Panda Express",107
"Panda Express - Inside Vons + Inside Vons +",1
"Panda North",1
"Panera Bread",140
"Panino's Italian Restaurant",1
"Papa John's Pizza",7
"Papa Johns Pizza",7
"Papas Breakfast Nook",1
"Paradise Supermart Fast Food Catering",1
"Park N Shop",1
"Parker's Hot Dogs of Santa Cruz",1
"Pasquale's Pizza & Italian Eatery",1
"Patio Beef",1
"Paul's Restaurant",1
"PDQ",1
"PDQ Restaurant",1
"Peacock Restaurant",1
"Pei Wei",2
"Pei Wei Asian Diner",1
"Peking Chinese Restaurant",1
"Peking Chinese Restaurants",1
"Penn Station East Coast Subs",13
"Pepe's Tacos",1
"Peppermint Twist Drive In",1
"Perkins Restaurant & Bakery",1
"Pete's Drive-In",1
"Peteys City Grill",1
"Philly Cheese Steak Shoppe",1
"Philly Connection",1
"Phils Philly Grill",1
"Photos Hotdogs",1
"Piada Italian Street Food",1
"Pick Up Stix",3
"Pickleman's UMKC",1
"Pie Five Pizza",1
"Pietro's Pizza & Gallery of Games",1
"Pietro's Pizza Gallery of Games",1
"Pietro's Pizza Pirate Adventure",1
"Pietros Pizza",1
"Pilchuck Drive In",2
"Pilot Butte Drive In",1
"Pincho Factory",1
"Pita Pit",1
"Pita Pit Brandon",1
"Pita Q",1
"Pizo Foz Urban Pizza Kitchen",1
"Pizza 4 Less",1
"Pizza Cottage",1
"Pizza Di Roma",1
"Pizza Express",1
"Pizza Hut",474
"Pizza Hut Express",1
"Pizza Mill",1
"Pizza Pipeline",2
"Pizza Place",1
"Pizza Plus",1
"Pizza Pro",15
"Pizza Pub Italian Restaurant and Pizzeria",1
"Pizza Time",1
"Pizzamania",1
"Planet Sub",1
"Platt's Seafood",1
"Pogolinos",1
"Polar Queen Drive Inn",1
"Pollo Campero",4
"Pollo Tropical",15
"Pop's Italian Beef & Sausage",1
"Popeye's Chicken & Biscuits",6
"Popeye's Louisiana Kitchen",26
"Popeyes",3
"Popeyes Chicken and Biscuits",3
"Popeyes Chicken Biscuits",1
"Popeyes Louisiana Kitchen",52
"PopN Brew Drive Thru",1
"Poppy's Burgers Subs",1
"Port of Subs",4
"Pot Belly Sandwich Works",1
"Potbelly Sandwich Works",5
"Press Club (The)",1
"Pretzel Time",1
"Prices Chicken Coop",1
"Primary AIM",1
"Puerto Vallarta",1
"Puerto Vallarta Restaurant",1
"Puffy Muffin",2
"Qdoba Mexican Eats",2
"QDOBA Mexican Eats",36
"Qdoba Mexican Grill",1
"Quik Wok Restaurant",1
"Quiznos",48
"Quiznos Closed",1
"Quiznos Sub",3
"R O's Barbecue Restaurant",1
"R Rooster BBQ Co.",1
"Raising Cane's Chicken Fingers",3
"Raising Canes Chicken Fingers",1
"Rally Pizza",1
"Rally's",17
"Rally's Hamburgers",1
"Rallys",9
"Rallys Hamburgers",1
"Ralphie's Sports Eatery",1
"Ramen Halu",1
"Rancho Fiesta Mexican Restaurant",1
"Rancho Viejo",1
"Rasor's Drive In",1
"Ray's Drive In Restaurant",1
"Red Angel Pizza",1
"Red Robin Gourmet Burgers",4
"Red Robin Gourmet Burgers and Brews",8
"Redrum Burger",1
"Restaurant",2
"Restaurant 11",1
"Restaurant Kunio",1
"Restaurante Monserrate",1
"Retro's Good Eats",1
"Reuben's Mexican Food",1
"Rice House Of Kabob",1
"Richard's Pizza",1
"Richway Gyros",1
"Rick's on the River",1
"Ricks on the River",1
"Ricos Subs & Tacos",1
"Risata Pizza",1
"Ritter's Frozen Custard",1
"Ritters Frozen Custard",1
"Roanoker Restaurant Inc",1
"Robongi",1
"Rock City Grill",1
"Rock Top Burgers Brew",1
"Rockne's",2
"Rockne's N Canton",1
"Rocknes",1
"Rocky Rococo Pizza and Pasta",1
"Rogers Ice Cream and Burger",1
"Rolands Cajun Catering",1
"Roly Poly",2
"Roma Pizza",1
"Roma's Pizzeria",1
"Roosters",1
"Roosters Landing",1
"Roosters Waterfront Restaurant",1
"Round Table Pizza",18
"Roy Rogers",1
"Roy Rogers Restaurant",1
"Roy's Club Italian Restaurant",1
"Royles Gourmet",1
"Rudino's Pizza & Grinders",1
"Rudys Hot Dog",1
"Runza",2
"RUNZA",1
"Rupes Burgers",1
"Rush's",1
"Rustic Cafe",2
"Ryan's",1
"Ryans",3
"Sabieng Thai Cuisine",1
"Sabrina's Lunch In A Box",1
"Saffron",1
"Saigon Noodle House",1
"Sajj",1
"Sakimura",1
"Sakura Gables Japanese Restaurant",1
"Saladfarm",1
"Saladworks",1
"Salata",1
"Salem's Gyros Subs",1
"Salmon River Pronto Pup",1
"Salsa Fresh Mexican Grill",1
"Sam's Hotdog Stand",1
"Sam's Hotdog's",1
"Sara's Too",1
"Sarafino's Pasta Pizza",1
"Saras Too",1
"Sarku Japan",5
"Sassy Bass Market Place",1
"Sbarro",23
"Scenic Bar Restaurant",1
"Schaffners Drive In",1
"Schlotzsky's",1
"Schwartz's Kraut Burger Ktchn",1
"Scott's Catfish & Seafood",1
"Scratchcdacom Company",1
"Scrimshaw Restaurant",1
"Seasons Best Seafood",1
"Seminole Subs Gyros",3
"Senju Japanese Restaurant",1
"Senor Taco",1
"Sfiha's",1
"Shaggy's Burgers Tacos",1
"Shak Drive In Restaurant",1
"Shake Pit",1
"Shake Shack",3
"Shambala Bakery and Bistro",1
"Shamus's Sandwich Shoppe",1
"Shandras Pizza",1
"Sharky's Modern Mexican Kitchen",1
"Shasta Pizza",1
"Shelikof Lodge Restaurant",1
"Shell Gas Station",1
"Sheung Garden",1
"Shondiz",1
"Silver Dragon",1
"Silver Palace",1
"Silverado Smokehouse",1
"Simple Simon's Pizza",8
"Simple Simons Pizza",1
"Ski Daddy's",1
"Skin's Hotdogs",1
"Skippers-Vancouver",1
"Skips Chicago Dogs",1
"Skorpios Gyros",1
"Sky-Way Drive In",1
"Skyline Chili",11
"Slice of Life",1
"Slice Of Life",1
"Slickrock Burrito",1
"Slim Chickens",1
"Smithfields Chicken N BarBQ",1
"Smitty's Better Burger",1
"Smoke the Burger Joint",1
"Smokehouse Restaurant",1
"Smoothie King",1
"Sno-White Drive In",1
"Snoopy's Hot Dogs",2
"Snuffys Malt Shop",1
"Sol's Sandwich Shop and Deli",1
"Sonic",4
"SONIC Drive In",45
"Sonic Drive-in",1
"Sonic Drive-In",223
"SONIC Drive-In",48
"Sonic Drive-In - Closed",2
"Sonic Drive-In - Temporarily Closed",5
"Sonic DriveIn",6
"Sopa Thai Cuisine",1
"Sorelli Pizza",1
"Sorrento's Restaurant",1
"Sorrentos",1
"South India Cuisine",1
"South Shore Grill",1
"Souvlaki",2
"Spaghettini",1
"Sparky's Wings And Things",1
"Speedy Burritos",1
"Spice Thai Kitchen & Bar",1
"Squeeze-In Restaurant & Deck",1
"Stanfield's Steakhouse",1
"Stanfields Steak House",1
"Starbucks",2
"Stars DriveIn",1
"Steak 'n Shake",51
"Steak 'N Shake",1
"STEAK 'N SHAKE",1
"Steak Escape",3
"Steak n Shake",5
"Steak N Shake",1
"Steamer's Shellfish To Go",1
"Stefano's Pizzeria",1
"Stellar Brew Natural Cafe",1
"Steve's Hot Dogs Tower Grove",1
"Sub Conscious",1
"Subway",667
"SUBWAY",543
"Subway 16 Mile",1
"Subway Meadows Park SC",1
"SUBWAY Restaurant",1
"Subway Sandwiches",3
"Subway Sandwiches Salads",1
"Sumo Japanese Steak House",1
"Sumo Japanese Steakhouse Sushi",1
"Sun House Chinese Take Out Restaurant",1
"Sundae House",1
"Sundowner Cafe",1
"Sunflower Cafe",1
"Sunrise Chinese Food Take Out",1
"Sunset Grill",1
"Sunwest Burgers",1
"Sup Dogs",1
"Super Chix - Now Open!",1
"Super Duper Burgers",1
"Super Niro's Gyros",1
"Super Taco Inc",1
"Surfside Burger Shack",1
"Sus Hi Eatstation",1
"Sushi Boat Town",1
"Sushi Boss",1
"SUSHI EN",1
"Sushi Island Japenese Restaurant",1
"Sushi Masa Thai Cuisine",1
"Sushi To Go",1
"Suzie's Dogs Drafts",1
"Sweet Pepper's Deli",1
"Sweet Pink Pepper",1
"Sweet Ts Restaurant Bar",1
"sweetgreen",1
"Swenson's Drive In Restaurants",2
"Swensons Drivein",1
"Syros Greek Italian Restaurant",1
"Szechuan Restaurant",1
"Szechwan Chinese Restaurant",1
"T & L Hot Dogs",1
"T & L Hotdogs",1
"Taco Bell",529
"Taco Box",1
"Taco Bueno",6
"Taco Cabana",5
"Taco Casa",1
"Taco CASA",2
"Taco del Mar",1
"Taco Del Mar",5
"Taco Gringo",1
"Taco John's",22
"Taco John's - Temporarily Closed",1
"Taco Johns",14
"Taco Mayo",3
"Taco Time",39
"Taco Tontos",2
"Taco Villa",1
"TacoTime",3
"Tally-Ho Restaurant",1
"Tamolly's Mexican Restaurant",1
"Taqueria",3
"Taqueria Mi Tierra",1
"Taste of Buffalo Pizzeria",2
"Taste Of Buffalo Pizzeria",1
"Taste Of Thai",1
"Tastee Freez",4
"Tasty Asia Take Out",1
"Tasty Goody Chinese Fast Food",1
"Tat Ristorante Di Famiglia",1
"Tatanka Take-Out",2
"Taylor Gourmet",1
"Tazza Cafe",1
"Teak House",1
"Ted's Fish Fry",1
"Teddy's Bigger Burgers",3
"Teddy's Burger Joint",2
"Teds Hot Dogs",1
"Tenda Chick",1
"Tender Towne",1
"Tenders Inc",1
"Teresas Drive In",1
"Terrys Pizza",1
"Thai Cafe",1
"Thai Ginger Restaurant Bar",1
"Thai Ginger-factoria",1
"Thai Grata Restaurant",1
"Thai To Go",1
"The Big Burger Spot",1
"The Campbell House Inn Restaurant",1
"The Coffee House",1
"The Emerald",1
"The Fat Mermaid",1
"The Greenery Cafe",1
"The Grub House",1
"The Gulf",1
"The Hang Out",1
"The Mad Italian Pasta Steak House",1
"The Oasis Restaurant and Delivery",1
"The Oasis Restaurant Delivery",1
"The Original Hot Dog Factory",1
"The Original Pancake House",1
"The Purple Bowl",1
"The S and S Takeout",1
"The Villa Restaurant",1
"Theo's Family Restaurant",1
"Thrasher's French Fries",1
"Three Degrees Waterfront Bar Grill - CLOSED",1
"Tim Hortons",3
"Time Warner Cable",1
"Time-Out Restaurant",1
"Tims Tonys Restaurant and Takeout",1
"Tino's Carry Out",1
"Tiny Town Carry Out",1
"Tios Tacos Restaurants",1
"Tito's Mexican Grill",1
"To Go's",1
"Togo's Eatery",2
"Togo's Sandwiches",1
"Tokyo Grill",1
"Tokyo Japanese Restaurant",1
"Tokyo Japanese Steakhouse",1
"Tokyo Seoul",2
"Tom Drive-in",1
"Tom's Drive-In",1
"Tomaso's Italian Restaurant",1
"Tommy's Barbecue",1
"Toms Burgers Grill",1
"Tonelli's Takeout",1
"Tony's Italian Kitchen",1
"Top China Buffet",1
"Topper's Pizza",2
"Toppers Pizza",1
"Torchy's Tacos",1
"Touchdown Wings",2
"Town House Drive-In Restaurant",1
"Treats Treasures",1
"Trolley Stop",1
"Tropical Smoothie Cafe",5
"Tropics Bar & Grill",1
"Truett's Chick-fil-A",1
"Tudor's Biscuit World",2
"Tuk Tuk Thai Grill DTC",1
"Tullulah's",1
"Tumbleweeds Mexican Flair",1
"Tweeters Wings",1
"Twenty-Four Carrot Cuisine",2
"Twin Pines Drive-In",1
"Twistee Treat",1
"Uncle Maddio's Pizza",1
"Uncle Maddio's Pizza Joint",1
"Uncle Si's Pizza",1
"Urban Burger Bar",1
"USA Subs Grill",1
"Val's Rapid Service",1
"Valentino's Pizzeria Restaurant",1
"VCU Compass Plaza",1
"Vertoris Pizza House",1
"Via Veneto Italian Restaurant",1
"Villa Fresh Italian Kitchen",1
"Vince's Pizza",1
"Wade's Restaurant",1
"Waffle House",103
"Wahmei Restaurant",1
"Waipuna Sushi",1
"Wally's White River Drive-In",1
"Wayback Burgers",1
"We The Pizza Crystal City",1
"Wendy's",245
"Wendy's - Temporarily Closed",1
"Wendys",67
"Wenellis Pizza",1
"Westgate Pizza",1
"Westside Deli",1
"Wetzel's Pretzels",2
"Wg Grinders",1
"WG Grinders",2
"Whataburger",38
"Whataburger - Closed",1
"Whataburger of East Texas",1
"Whataburger Of East Texas Corporate",1
"Which Wich",7
"White Castle",28
"Whitts Barbecue",1
"Wibbley's Gourmet Hamburgers",1
"Wienerschnitzel",15
"Wild Ginger China Bistro",1
"Wild Goats Cafe",1
"Wild Sage American Bistro",2
"Wild Wings and Things",1
"Williams Chicken",1
"Williams Williams Carryout",1
"Wimpy's Grill",1
"Win's Drive-In",1
"Windy City Wieners",1
"Wing King Of Fletcher",1
"Wing Street",5
"Wings Ole'",1
"Wings Over Syracuse",1
"Wings To Go",6
"Wingstop",5
"Wingstop Fish Chicken",1
"Wingstop Restaurant",13
"Wingstreet",1
"Wok N Roll",1
"Wok To Go",1
"Woody's Drive-In",1
"Yanagi Sushi",1
"Yeck Family Drive-In Restaurant",1
"Yen Ching Restaurant",2
"Yeongs Place",1
"Yeung House",1
"Yo Fresh Yogurt Cafe",1
"Yoshinoya",1
"Yum Yum Pizza",1
"Yummy Chinese Restaurant",1
"Yums II Inc",1
"Z-Pizza",1
"Zack's Char-Grill",1
"Zack's Hamburgers",1
"Zaks Shack Grill Deli Takeout",1
"Zante's Fast Food",1
"Zapopan Mexican Restaurant",1
"Zappo's Pizza",1
"Zaxby's",6
"Zeeks Pizza",1
"Zel's Roast Beef All",1
"Zesto of West Columbia",1
"Zippers Restaurant Lounge",1
"Zippy's",1
"Zips It's About Time Drive In",1
"Zorba's Gyro On A Spit",1
"zpizza",1
"ZZA Pizza + Salad",1
